{
  "totalTasks": 15,
  "successfulTasks": 12,
  "successRate": 0.8,
  "averageAccuracy": {
    "overall": 0.8799259259259259,
    "complexity": 0.8666666666666667,
    "teams": 0.9333333333333333,
    "duration": 0.8397777777777777
  },
  "executionTime": 7.505678415298462,
  "timestamp": "2025-06-13T07:59:21.737469"
}